"full_name","epoch_cal","e","a","i","om","w","ma","per"
"  1566 Icarus (1949 MA)",2024-03-31.0000000,.826921456321578,1.078088223013253,22.80167079081121,87.9532449053327,31.43692554695528,344.7553075375808,408.8649475991383